<?xml version = "1.0" encoding = "utf-8"?>
<!DOCTYPE hibernate-mapping PUBLIC 
"-//Hibernate/Hibernate Mapping DTD//EN"
"http://www.hibernate.org/dtd/hibernate-mapping-3.0.dtd"> 

<hibernate-mapping>
   <class name = "com.question.hbm.pojo.Question" table = "Question">
      
      <meta attribute = "class-description">
         This class contains the Question detail. 
      </meta>
      
      <id name = "qId" type = "int" column = "question_id">
         <generator class="native"/>
      </id>
      
        <property name = "question" column = "question" type = "string"/>
      <property name = "a" column = "choice_1" type = "string"/>
      <property name = "b" column = "choice_2" type = "string"/>
      <property name = "c" column = "choice_3" type = "string"/>
      <property name = "d" column = "choice_4" type = "string"/>
      <property name = "selection" column = "selection" type = "string"/>
      <property name = "skill" column = "skill_set" type = "string"/>
      <property name = "level" column = "competency_level" type = "string"/>
      <property name = "mark" column = "mark" type = "int"/>
      <property name = "answer" column = "answer" type = "string"/>
      
   </class>
</hibernate-mapping>