<?xml version="1.0" encoding="UTF-8"?>
<beans xmlns="http://www.springframework.org/schema/beans" xmlns:xsi="http://www.w3.org/2001/XMLSchema-instance" xsi:schemaLocation="http://www.springframework.org/schema/beans http://www.springframework.org/schema/beans/spring-beans.xsd">
    
    
    
    
   <!-- Configuring the JDBC connection-->
   <bean id="dataSourceBean" class="org.springframework.jdbc.datasource.DriverManagerDataSource">
      <property name="driverClassName" value="com.mysql.jdbc.Driver" />
      <property name="url" value="jdbc:mysql://localhost:3306/exam" />
      <property name="username" value="root" />
      <property name="password" value="password-1" />
   </bean>
    
   <!-- Configuring the Hibernate4 Session Factory Bean -->
   <bean id="sessionFactoryBean" class="org.springframework.orm.hibernate5.LocalSessionFactoryBean">
      <property name="dataSource" ref="dataSourceBean" />      
      <property name="mappingResources">
         <value>com/question/hbm/pojo/Question.hbm.xml</value>
      </property>
      <property name="hibernateProperties">
         <props>
            <prop key="hibernate.dialect">org.hibernate.dialect.MySQL5Dialect</prop>
            <prop key="hibernate.show_sql">true</prop>
         </props>
      </property>
   </bean>
    
   <bean id="hibernateTemplateBean" class="org.springframework.orm.hibernate5.HibernateTemplate">
      <property name="sessionFactory" ref="sessionFactoryBean" />
   </bean>
    
   <bean id="authenticateServiceBean" class="com.question.hibernate.service.AuthService">
      <property name="hibernateTemplate" ref="hibernateTemplateBean" />
   </bean>
   
</beans>